<?xml version="1.0" encoding="UTF-8"?>
<addon id="plugin.video.nextup-mysql" version="0.0.7" name="Next Up Episodes-MYSQL" provider-name="fryhenryj">
<requires>
  <import addon="xbmc.python" version="2.25.0"/>
  <import addon="script.module.myconnpy" version="1.1.7"/>
</requires>
<extension point="xbmc.python.pluginsource" library="main.py">
  <provides>video</provides>
</extension>
<extension point="xbmc.addon.metadata">
  <summary lang="en">Next Up Episodes-MYSQL Gets the next episodes to watch for TV shows in your library and sort by airdate/play date descending (MYSQL VERSION)</summary>
  <description lang="en_GB">Produces a list of next up episodes to watch in descending order of air date/last played depending on the options the user chooses. For use with skin widgets (e.g. Skin Helper Service Widgets=>Video Addons=>Next Up Episodes)
Changes V0.0.1 - First version for MYSQL</description>
  <disclaimer lang="en_GB">Will only list next up episodes for shows in the library.</disclaimer>
  <assets>
    <icon>icon.png</icon>
    <fanart>fanart.jpg</fanart>
  </assets>
</extension>
</addon>