<?xml version="1.0" encoding="UTF-8" standalone="yes"?>
<addon id="service.next_playlist" version="0.0.12" name="Next_Playlist" provider-name="fryhenryj">
  <requires>
    <import addon="xbmc.python" version="2.25.0"/>
  </requires>
  <extension point="xbmc.python.pluginsource" library="main.py">
    <provides>video</provides>
  </extension>
  <extension point="xbmc.service" library="service.py"  start="login"/>
  <extension point="xbmc.addon.metadata">
    <platform>all</platform>
    <summary lang="en">Next Playlist - Creates a playlist of the next episodes to watch for TV shows in your library for use with Widgets.</summary>
  <description lang="en_GB">Produces a playlist of next up episodes to watch from episodes in your library. Has limited sorting options due to playlist/widget limitations (only YEAR and DATEADDED seem to work with widgets), can choose from inprogress shows only (method 1) or all TV shows in your library (method 2) + can be refreshed from the addon settings. Addon has routing enabled => plugin://plugin.video.nextup/settings => Opens Addon Settings, plugin://plugin.video.nextup/update_widget => will reload the widget (by playing empty playlist), plugin://plugin.video.nextup/update_widget_method => will reload skin + widget to force SQL method change. Supports MySQL(??)
v0.0.10 Fix special:// playlist path</description>
  <disclaimer lang="en_GB">Only works with episodes in your library (eg openmeta library integration)</disclaimer>
  </extension>
</addon>
