<?xml version="1.0" encoding="UTF-8" standalone="yes"?>
<addon id="repository.nextup" name="Next Up Episodes Repo" version="0.0.1" provider-name="fryhenryj">
    <extension point="xbmc.addon.repository" name="Next Up Episodes Repo">
        <dir>
            <info compressed="false">https://raw.githubusercontent.com/henryjfry/repository.nextup/master/zips/addons.xml</info>
            <checksum>https://raw.githubusercontent.com/henryjfry/repository.nextup/master/zips/addons.xml.md5</checksum>
            <datadir zip="true">https://raw.githubusercontent.com/henryjfry/repository.nextup/master/zips/</datadir>
        </dir>
    </extension>
    <extension point="xbmc.addon.metadata">
        <summary>Next Up Episodes Repo</summary>
        <description>Next Up Episodes Repo</description>
        <disclaimer></disclaimer>
        <platform>all</platform>
        <assets>
            <icon>icon.png</icon>
            <fanart>fanart.jpg</fanart>
        </assets>
    </extension>
</addon>